{"stats":{"minecraft:broken":{"minecraft:stone_pickaxe":1},"minecraft:mined":{"minecraft:tuff":13,"rpgsmw:miphrildeepslateore":6,"minecraft:deepslate_diamond_ore":12,"minecraft:granite":64,"epicsamurai:deepslate_ruby_ore":9,"minecraft:grass_block":11,"epicsamurai:silver_ore":5,"minecraft:stone_brick_wall":2,"minecraft:decorated_pot":1,"minecraft:mangrove_fence":1,"minecraft:spawner":1,"minecraft:magma_block":1,"epicsamurai:deepslate_jade_ore":9,"minecraft:raw_iron_block":2,"minecraft:furnace":2,"minecraft:iron_ore":32,"minecraft:cobbled_deepslate":26,"minecraft:andesite":35,"minecraft:deepslate_lapis_ore":2,"minecraft:gold_block":1,"minecraft:bookshelf":2,"minecraft:deepslate_iron_ore":23,"minecraft:iron_bars":2,"epicsamurai:deepslate_silver_ore":8,"minecraft:stone":387,"epicsamurai:jade_ore":5,"epicsamurai:deepslate_aquamarine_ore":3,"minecraft:clay":3,"minecraft:crafting_table":3,"minecraft:emerald_ore":1,"minecraft:tall_grass":1,"minecraft:copper_ore":2,"minecraft:cobblestone":53,"minecraft:lapis_ore":2,"minecraft:deepslate_gold_ore":8,"minecraft:oak_planks":9,"minecraft:diorite":6,"minecraft:birch_planks":5,"minecraft:birch_log":20,"rpgsmw:mineral_ore":6,"minecraft:stone_brick_stairs":4,"minecraft:yellow_bed":1,"minecraft:grass":2,"minecraft:coal_ore":37,"minecraft:oak_log":12,"minecraft:dirt":23,"minecraft:gravel":47,"minecraft:cobweb":14,"minecraft:stone_bricks":17,"minecraft:netherrack":4,"minecraft:gold_ore":2,"minecraft:oak_leaves":4,"minecraft:deepslate":199,"epicsamurai:ruby_ore":10},"minecraft:crafted":{"minecraft:oak_door":3,"minecraft:oak_planks":48,"minecraft:raw_iron":9,"epicsamurai:iron_samurai_chestplate":1,"minecraft:furnace":5,"rpgsmw:iron_knife":3,"minecraft:cooked_mutton":12,"epicsamurai:iron_samurai_leggings":1,"epicsamurai:red_samurai_chestplate":1,"epicsamurai:red_samurai_boots":1,"epicsamurai:iron_samurai_helmet":1,"minecraft:stone_pickaxe":4,"minecraft:chest":2,"epicsamurai:red_samurai_boots_light":1,"minecraft:crafting_table":9,"minecraft:wooden_pickaxe":3,"minecraft:baked_potato":1,"rpgsmw:steel":16,"minecraft:birch_planks":80,"minecraft:stone_axe":1,"minecraft:air":0,"rpgsmw:diamond_knife":1,"minecraft:diamond_pickaxe":1,"minecraft:shield":1,"minecraft:stick":28,"minecraft:iron_ingot":42,"minecraft:iron_pickaxe":3,"minecraft:gold_ingot":17,"minecraft:torch":12},"minecraft:custom":{"minecraft:interact_with_smithing_table":1,"minecraft:mob_kills":221,"minecraft:interact_with_anvil":1,"minecraft:interact_with_crafting_table":44,"minecraft:leave_game":3,"minecraft:time_since_death":91203,"minecraft:climb_one_cm":9381,"minecraft:damage_resisted":1985,"minecraft:sprint_one_cm":702043,"minecraft:walk_one_cm":362874,"minecraft:damage_blocked_by_shield":1815,"minecraft:drop":29,"minecraft:talked_to_villager":2,"minecraft:play_time":260870,"minecraft:deaths":2,"minecraft:sneak_time":20761,"minecraft:walk_under_water_one_cm":17699,"minecraft:jump":4057,"minecraft:walk_on_water_one_cm":22978,"minecraft:total_world_time":260870,"minecraft:interact_with_furnace":94,"minecraft:interact_with_grindstone":1,"minecraft:sleep_in_bed":2,"minecraft:time_since_rest":78888,"minecraft:damage_taken":6745,"minecraft:damage_absorbed":161,"minecraft:damage_dealt":29523,"minecraft:swim_one_cm":78721,"minecraft:fly_one_cm":647769,"minecraft:open_chest":78,"minecraft:crouch_one_cm":39435,"minecraft:fall_one_cm":106179},"minecraft:used":{"minecraft:chest":2,"minecraft:shield":66,"minecraft:oak_door":2,"minecraft:rotten_flesh":39,"minecraft:torch":7,"minecraft:dirt":21,"minecraft:carrot":12,"minecraft:tuff":1,"minecraft:granite":38,"farmersdelight:rope":1,"minecraft:iron_axe":9,"minecraft:stone_bricks":2,"epicsamurai:red_samurai_boots":1,"minecraft:magma_block":1,"minecraft:bow":21,"minecraft:furnace":7,"minecraft:oak_sapling":1,"minecraft:cooked_beef":47,"minecraft:cobbled_deepslate":162,"minecraft:enchanted_golden_apple":1,"minecraft:cooked_mutton":12,"minecraft:diorite":5,"minecraft:diamond_boots":1,"minecraft:birch_planks":19,"minecraft:stone_pickaxe":369,"minecraft:baked_potato":1,"minecraft:oak_planks":15,"minecraft:wooden_pickaxe":25,"minecraft:salmon":1,"minecraft:crafting_table":11,"minecraft:diamond_pickaxe":156,"minecraft:apple":5,"minecraft:bread":15,"minecraft:iron_pickaxe":517,"rpgsmw:iron_knife":141,"minecraft:gravel":30,"medieval_craft_weapons:pole_axe":1,"minecraft:stone_axe":27,"minecraft:fire_charge":1,"minecraft:cobblestone":261,"rpgsmw:diamond_knife":224,"minecraft:andesite":9,"minecraft:yellow_bed":1},"minecraft:dropped":{"medieval_craft_weapons:spear_2":1,"minecraft:dirt":6,"minecraft:gray_wool":2,"rpgsmw:edmantium":2,"skilltree:gem":3,"minecraft:iron_pickaxe":1,"minecraft:white_wool":8,"minecraft:tuff":10,"minecraft:red_banner":1,"minecraft:white_carpet":1,"minecraft:oak_planks":1,"minecraft:mangrove_fence":1,"minecraft:andesite":1,"minecraft:stone_pickaxe":1,"minecraft:wooden_pickaxe":1},"minecraft:picked_up":{"minecraft:crafting_table":2,"minecraft:stone_brick_wall":2,"minecraft:gold_block":1,"minecraft:potion":1,"minecraft:stone_brick_stairs":2,"medieval_craft_weapons:pole_axe":2,"minecraft:iron_leggings":1,"minecraft:raw_copper":10,"epicsamurai:jade":14,"minecraft:white_carpet":1,"minecraft:iron_shovel":1,"minecraft:cobbled_deepslate":215,"rpgsmw:rawmiphrilignot":6,"minecraft:beef":14,"minecraft:enchanted_golden_apple":1,"minecraft:poppy":1,"minecraft:iron_pickaxe":1,"minecraft:furnace":2,"minecraft:egg":1,"minecraft:raw_iron":64,"minecraft:torch":27,"medieval_craft_weapons:titanite_nugget_1":2,"minecraft:porkchop":4,"medieval_craft_weapons:spear_2":2,"minecraft:diorite":6,"minecraft:carrot":10,"minecraft:arrow":20,"minecraft:rotten_flesh":25,"minecraft:decorated_pot":1,"minecraft:gold_ingot":28,"rpgsmw:edmantium":8,"epicsamurai:red_samurai_boots":1,"minecraft:obsidian":2,"minecraft:mutton":14,"minecraft:white_wool":10,"minecraft:cobblestone":391,"minecraft:birch_log":20,"minecraft:magma_block":1,"minecraft:cooked_beef":47,"epicsamurai:spirit_upgrade_smithing_template":1,"minecraft:glow_ink_sac":3,"minecraft:andesite":22,"minecraft:salmon":1,"minecraft:leather":2,"rpgsmw:iron_knife":1,"minecraft:potato":11,"minecraft:birch_planks":5,"minecraft:flint":8,"minecraft:tuff":15,"minecraft:oak_log":12,"medieval_craft_weapons:long_sword":1,"minecraft:yellow_bed":1,"minecraft:gunpowder":4,"skilltree:gem":18,"minecraft:lapis_lazuli":33,"minecraft:dirt":29,"minecraft:white_banner":1,"minecraft:mangrove_fence":1,"minecraft:bone":14,"minecraft:stone_bricks":2,"minecraft:bow":4,"minecraft:wheat_seeds":5,"minecraft:raw_gold":12,"minecraft:iron_ingot":31,"minecraft:stone_pickaxe":1,"rpgsmw:diamond_knife":1,"epicsamurai:aquamarine":3,"minecraft:oak_planks":13,"epicsamurai:raw_silver":11,"minecraft:book":2,"medieval_craft_weapons:sword_1":2,"medieval_craft_weapons:plate_leggings":1,"minecraft:dandelion":1,"minecraft:raw_iron_block":2,"minecraft:gravel":35,"minecraft:red_banner":1,"minecraft:diamond":21,"minecraft:granite":57,"minecraft:gray_wool":2,"minecraft:emerald":42,"minecraft:oak_sapling":1,"epicsamurai:ruby":24,"minecraft:coal":37},"minecraft:killed":{"minecraft:cave_spider":3,"medieval_craft_weapons:archer":21,"minecraft:spider":3,"medieval_craft_weapons:knight":29,"minecraft:horse":1,"minecraft:skeleton":35,"medieval_craft_weapons:soldier":60,"epicsamurai:tanuki":1,"minecraft:pig":1,"minecraft:zombie_villager":1,"minecraft:creeper":13,"minecraft:sheep":9,"minecraft:pillager":2,"minecraft:zombie":26,"medieval_craft_weapons:heavyknight":9,"minecraft:cow":1}},"DataVersion":3465}