{"stats":{"minecraft:broken":{"minecraft:stone_pickaxe":1,"medieval_craft_weapons:pole_axe":1,"medieval_craft_weapons:greathelmet_helmet":1,"medieval_craft_weapons:spear_2":2,"minecraft:wooden_axe":1,"medieval_craft_weapons:greatsword":2},"minecraft:mined":{"minecraft:glass_pane":4,"minecraft:crafting_table":5,"vinery:red_grape_bush":5,"minecraft:grass_block":6,"minecraft:tall_grass":1,"minecraft:oak_planks":1,"minecraft:spruce_stairs":1,"minecraft:birch_planks":21,"dawnoftimebuilder:geranium_pink":1,"minecraft:furnace":2,"minecraft:birch_log":16,"minecraft:iron_ore":25,"minecraft:fire":6,"minecraft:stone_brick_stairs":2,"minecraft:grass":11,"minecraft:bookshelf":6,"minecraft:coal_ore":87,"minecraft:oak_log":8,"minecraft:iron_bars":2,"minecraft:dirt":14,"minecraft:stone_bricks":2,"minecraft:stone":133,"minecraft:oak_leaves":4},"minecraft:custom":{"minecraft:interact_with_furnace":23,"minecraft:mob_kills":230,"minecraft:interact_with_crafting_table":13,"minecraft:eat_cake_slice":4,"minecraft:leave_game":3,"minecraft:time_since_death":125694,"minecraft:climb_one_cm":7135,"minecraft:time_since_rest":125694,"minecraft:sprint_one_cm":360777,"minecraft:damage_absorbed":120,"minecraft:damage_taken":2808,"minecraft:walk_one_cm":442616,"minecraft:drop":31,"minecraft:damage_dealt":36474,"minecraft:swim_one_cm":26765,"minecraft:fly_one_cm":398114,"minecraft:open_chest":78,"minecraft:crouch_one_cm":1948,"minecraft:play_time":125694,"minecraft:sneak_time":652,"minecraft:walk_under_water_one_cm":5926,"minecraft:jump":2093,"minecraft:walk_on_water_one_cm":10078,"minecraft:total_world_time":125694,"minecraft:fall_one_cm":56774},"minecraft:crafted":{"minecraft:cooked_beef":9,"minecraft:oak_planks":20,"minecraft:emerald":45,"minecraft:crafting_table":2,"minecraft:wooden_pickaxe":1,"minecraft:iron_sword":2,"minecraft:furnace":1,"minecraft:birch_planks":60,"medieval_craft_weapons:gladius":2,"minecraft:cooked_mutton":4,"minecraft:air":0,"minecraft:emerald_block":1,"minecraft:bow":1,"minecraft:iron_boots":1,"minecraft:iron_chestplate":1,"minecraft:golden_apple":2,"minecraft:stick":12,"medieval_craft_weapons:legionary_chestplate":3,"minecraft:iron_ingot":26,"minecraft:iron_pickaxe":1,"minecraft:stone_pickaxe":2,"minecraft:wooden_axe":1,"medieval_craft_weapons:plate_leggings":1,"minecraft:gold_ingot":18,"minecraft:coal_block":9,"medieval_craft_weapons:legionary_helmet":5},"minecraft:used":{"medieval_craft_weapons:spear_2":136,"minecraft:cooked_mutton":4,"minecraft:iron_bars":2,"minecraft:flint_and_steel":5,"minecraft:birch_planks":24,"minecraft:stone_pickaxe":240,"minecraft:oak_planks":4,"minecraft:wooden_pickaxe":31,"minecraft:iron_sword":165,"medieval_craft_weapons:gladius":35,"minecraft:cooked_chicken":7,"minecraft:rotten_flesh":2,"minecraft:golden_apple":4,"minecraft:torch":1,"minecraft:dirt":18,"minecraft:mutton":2,"minecraft:crafting_table":6,"dawnoftimebuilder:maple_red_sapling":1,"minecraft:oak_log":2,"minecraft:wooden_axe":38,"minecraft:bread":28,"minecraft:birch_sapling":3,"minecraft:stone_brick_stairs":2,"medieval_craft_weapons:greatsword":30,"minecraft:stone_bricks":2,"medieval_craft_weapons:pole_axe":122,"minecraft:cobblestone":17,"minecraft:bow":52,"minecraft:furnace":2,"minecraft:birch_log":1,"minecraft:egg":1,"minecraft:cooked_beef":11,"dawnoftimebuilder:geranium_pink":1},"minecraft:dropped":{"minecraft:bread":51,"minecraft:wheat_seeds":12,"minecraft:iron_nugget":6,"medieval_craft_weapons:gladius":2,"minecraft:crossbow":1,"minecraft:rotten_flesh":2,"minecraft:chainmail_helmet":2,"minecraft:stick":2,"minecraft:dark_oak_log":60,"minecraft:mutton":2,"minecraft:iron_chestplate":1,"skilltree:gem":7,"minecraft:stone_pickaxe":1,"medieval_craft_weapons:pole_axe":2,"vinery:red_grape_seeds":13,"minecraft:bone":2},"minecraft:picked_up":{"minecraft:birch_log":16,"minecraft:iron_chestplate":1,"minecraft:crafting_table":5,"medieval_craft_weapons:legionary_helmet":6,"minecraft:cooked_beef":2,"minecraft:brown_wool":1,"minecraft:leather":5,"vinery:red_grape_seeds":13,"minecraft:birch_planks":21,"minecraft:stone_brick_stairs":2,"minecraft:oak_log":7,"skilltree:gem":16,"medieval_craft_weapons:pole_axe":4,"minecraft:dirt":19,"minecraft:white_carpet":1,"minecraft:bone":2,"minecraft:stone_bricks":2,"medieval_craft_weapons:greathelmet_helmet":1,"minecraft:bow":1,"minecraft:wheat_seeds":12,"minecraft:beef":9,"medieval_craft_weapons:gladius":6,"minecraft:iron_nugget":3,"minecraft:birch_sapling":3,"minecraft:oak_planks":1,"minecraft:book":18,"minecraft:furnace":2,"minecraft:egg":1,"minecraft:raw_iron":25,"minecraft:stick":2,"medieval_craft_weapons:plate_leggings":2,"minecraft:torch":1,"medieval_craft_weapons:titanite_nugget_1":8,"dawnoftimebuilder:geranium_pink":1,"medieval_craft_weapons:legionary_chestplate":4,"medieval_craft_weapons:spear_2":2,"minecraft:dark_oak_log":60,"minecraft:arrow":10,"minecraft:rotten_flesh":4,"minecraft:crossbow":1,"minecraft:bread":51,"minecraft:chainmail_helmet":1,"dawnoftimebuilder:maple_red_sapling":1,"minecraft:gray_wool":1,"minecraft:iron_bars":2,"minecraft:black_wool":1,"minecraft:mutton":8,"minecraft:coal":87,"minecraft:white_wool":4,"minecraft:cobblestone":142,"medieval_craft_weapons:greatsword":3},"minecraft:killed":{"minecraft:spider":4,"medieval_craft_weapons:archer":23,"medieval_craft_weapons:knight":27,"minecraft:creeper":1,"medieval_craft_weapons:romanlegionary":64,"minecraft:sheep":7,"minecraft:skeleton":4,"medieval_craft_weapons:soldier":64,"minecraft:zombie":6,"medieval_craft_weapons:romancenturion":6,"medieval_craft_weapons:heavyknight":10,"minecraft:cow":6}},"DataVersion":3465}