{"stats":{"minecraft:mined":{"minecraft:grass":6,"vinery:red_grape_bush":8,"dawnoftimebuilder:geranium_pink":6},"minecraft:custom":{"minecraft:time_since_rest":233,"minecraft:crouch_one_cm":40,"minecraft:play_time":3604,"minecraft:sprint_one_cm":16447,"minecraft:walk_one_cm":4317,"minecraft:damage_taken":250,"minecraft:deaths":1,"minecraft:sneak_time":28,"minecraft:jump":144,"minecraft:damage_dealt":40,"minecraft:leave_game":1,"minecraft:time_since_death":0,"minecraft:total_world_time":3604,"minecraft:fall_one_cm":6865,"minecraft:fly_one_cm":33479},"minecraft:used":{"vinery:red_grape_seeds":3,"vinery:white_grape":2,"dawnoftimebuilder:geranium_pink":1},"minecraft:killed_by":{"minecraft:spider":1},"minecraft:picked_up":{"minecraft:wheat_seeds":1,"vinery:red_grape_seeds":20,"vinery:white_grape":2,"dawnoftimebuilder:geranium_pink":2}},"DataVersion":3465}