{"stats":{"minecraft:custom":{"minecraft:jump":33,"minecraft:time_since_rest":6232,"minecraft:crouch_one_cm":12,"minecraft:damage_taken":130,"minecraft:sprint_one_cm":22167,"minecraft:leave_game":2,"minecraft:play_time":6232,"minecraft:walk_on_water_one_cm":1359,"minecraft:time_since_death":6232,"minecraft:walk_one_cm":8774,"minecraft:sneak_time":73,"minecraft:total_world_time":6232,"minecraft:walk_under_water_one_cm":3214,"minecraft:swim_one_cm":1084,"minecraft:fall_one_cm":3080,"minecraft:fly_one_cm":5751}},"DataVersion":3465}